id,name,street,postcode,city,province,lat,lon,starbucks_store_id,store_url,osm_id,source
alsea-sbux-001,Starbucks A Coruna C.C. Marineda City,Est Banos de Arteixo 43 15008 A Coruna,15008,A Coruña,A Coruña,43.34461,-8.42767,87954-316093,https://www.starbucks.co.uk/store-locator/87954-316093/a-coruna-cc-marineda-city,,Starbucks store locator (starbucks.co.uk/api/v2/stores) vía AllThePlaces run 2026-09-19 spider starbucks_eu
alsea-sbux-002,Starbucks El Corte Inglés Ramon y Cajal,"El Corte Ingles Ramoon y Cajal, 57 Ramon y Cajal Street",15006,A Coruña,A Coruña,43.35493,-8.4029,50302-265969,https://www.starbucks.co.uk/store-locator/50302-265969/eci-ramon-y-cajal,node/4558558627,Starbucks store locator (starbucks.co.uk/api/v2/stores) vía AllThePlaces run 2026-09-19 spider starbucks_eu
alsea-sbux-003,Starbucks Santiago C.C. As Cancellas,Avenida del camino frances 3 Santiago de Compostela 15703 La Coruna,15703,Santiago de Compostela,A Coruña,42.88944,-8.52644,83705-313406,https://www.starbucks.co.uk/store-locator/83705-313406/santiago-cc-as-cancellas,node/14101468211,Starbucks store locator (starbucks.co.uk/api/v2/stores) vía AllThePlaces run 2026-09-19 spider starbucks_eu
alsea-sbux-004,Starbucks Alicante-Elche Departures Land,L Altet Alicante Spain,03195,Alicante,Alicante,38.28808,-0.55269,68901-304092,https://www.starbucks.co.uk/store-locator/68901-304092/alicante-elche-departures-land,node/13597598058,Starbucks store locator (starbucks.co.uk/api/v2/stores) vía AllThePlaces run 2026-09-19 spider starbucks_eu
alsea-sbux-005,Starbucks C.C. La Zenia,"La Zenia Shopping Center, 2 Jade Street. Orihuela.",03189,Alicante,Alicante,37.93051,-0.73634,55169-288965,https://www.starbucks.co.uk/store-locator/55169-288965/c.c.-la-zenia,node/10665631812,Starbucks store locator (starbucks.co.uk/api/v2/stores) vía AllThePlaces run 2026-09-19 spider starbucks_eu
alsea-sbux-006,Starbucks El Corte Inglés Alicante Federico Soto,El Corte Ingles Alicante,03003,Alicante,Alicante,38.34382,-0.48935,26658-244208,https://www.starbucks.co.uk/store-locator/26658-244208/eci-alicante-federico-soto,,Starbucks store locator (starbucks.co.uk/api/v2/stores) vía AllThePlaces run 2026-09-19 spider starbucks_eu
alsea-sbux-007,Starbucks C.C. Habaneras,"Habaneras Shopping Center, 7 Rosa Mazon Valero Avenue",03184,Torrevieja,Alicante,37.98977,-0.68619,50313-267224,https://www.starbucks.co.uk/store-locator/50313-267224/cc-habaneras,,Starbucks store locator (starbucks.co.uk/api/v2/stores) vía AllThePlaces run 2026-09-19 spider starbucks_eu
alsea-sbux-008,Starbucks Almeria C.C. Torrecardenas,Calle Medico Francisco Perez Company 44,04009,Almería,Almería,36.86156,-2.43461,85261-313887,https://www.starbucks.co.uk/store-locator/85261-313887/almeria-cc-torrecardenas,,Starbucks store locator (starbucks.co.uk/api/v2/stores) vía AllThePlaces run 2026-09-19 spider starbucks_eu
alsea-sbux-009,Starbucks Roquetas de Mar Pc Gran Plaza,"Ctra. de Alicun, s/n, 04740 Roquetas de Mar, Almeria",04740,Roquetas de Mar,Almería,36.78575,-2.60693,86329-315511,https://www.starbucks.co.uk/store-locator/86329-315511/roquetas-de-mar-pc-gran-plaza,,Starbucks store locator (starbucks.co.uk/api/v2/stores) vía AllThePlaces run 2026-09-19 spider starbucks_eu
alsea-sbux-010,Starbucks Gijon San Bernardo 70,Calle San Bernardo 70 Gijon 33201,33201,Gijón,Asturias,43.53926,-5.66058,85295-314773,https://www.starbucks.co.uk/store-locator/85295-314773/gijon-san-bernardo-70,,Starbucks store locator (starbucks.co.uk/api/v2/stores) vía AllThePlaces run 2026-09-19 spider starbucks_eu
alsea-sbux-011,Starbucks Plaza Escandalera,Plaza Escandalera 1,33003,Oviedo,Asturias,43.36257,-5.84821,51507-276860,https://www.starbucks.co.uk/store-locator/51507-276860/sbux-plaza-escandalera,node/5711739282,Starbucks store locator (starbucks.co.uk/api/v2/stores) vía AllThePlaces run 2026-09-19 spider starbucks_eu
alsea-sbux-012,Starbucks Paredes-Siero Parque Principad,Autovia A 66 Km 4 5 Paredes Siero 33429Asturias,33429,Paredes-Siero,Asturias,43.40026,-5.79916,89380-319671,https://www.starbucks.co.uk/store-locator/89380-319671/paredes-siero-parque-principad,,Starbucks store locator (starbucks.co.uk/api/v2/stores) vía AllThePlaces run 2026-09-19 spider starbucks_eu
alsea-sbux-013,Starbucks B Hotel,389 Gran Via les Corts Catalanes Street,08015,Barcelona,Barcelona,41.37672,2.15051,53270-284625,https://www.starbucks.co.uk/store-locator/53270-284625/b-hotel,node/12197376653,Starbucks store locator (starbucks.co.uk/api/v2/stores) vía AllThePlaces run 2026-09-19 spider starbucks_eu
alsea-sbux-014,Starbucks Barcelona L'Illa Diagonal,Avinguda Diagonal 557 08029 Barcelona,08029,Barcelona,Barcelona,41.38915,2.13382,71009-306001,https://www.starbucks.co.uk/store-locator/71009-306001/barcelona-l'illa-diagonal,,Starbucks store locator (starbucks.co.uk/api/v2/stores) vía AllThePlaces run 2026-09-19 spider starbucks_eu
alsea-sbux-015,Starbucks Barcelona Pau Claris 169,Calle Pau Claris 169 08037 Barcelona,08037,Barcelona,Barcelona,41.39559,2.16303,82560-312085,https://www.starbucks.co.uk/store-locator/82560-312085/barcelona-pau-claris-169,,Starbucks store locator (starbucks.co.uk/api/v2/stores) vía AllThePlaces run 2026-09-19 spider starbucks_eu
alsea-sbux-016,Starbucks C.C. Gran Via 2,Avenida Gran Via 75,08908,Barcelona,Barcelona,41.35959,2.12986,55493-289134,https://www.starbucks.co.uk/store-locator/55493-289134/c.c.-gran-via-2,,Starbucks store locator (starbucks.co.uk/api/v2/stores) vía AllThePlaces run 2026-09-19 spider starbucks_eu
alsea-sbux-017,Starbucks C.C. Splau Barcelona,"Splau Shopping Center, Baix Llobregat Ave. Cornella Llobregat",08940,Barcelona,Barcelona,41.3477,2.07773,56829-290812,https://www.starbucks.co.uk/store-locator/56829-290812/c.c.-splau-barcelona,way/1526542504,Starbucks store locator (starbucks.co.uk/api/v2/stores) vía AllThePlaces run 2026-09-19 spider starbucks_eu
alsea-sbux-018,Starbucks La Maquinista,La Maquinista Shopping Center,08030,Barcelona,Barcelona,41.4419,2.19851,3139-138613,https://www.starbucks.co.uk/store-locator/3139-138613/la-maquinista,,Starbucks store locator (starbucks.co.uk/api/v2/stores) vía AllThePlaces run 2026-09-19 spider starbucks_eu
alsea-sbux-019,Starbucks Laietana 32,32 Via Laietana,08003,Barcelona,Barcelona,41.38507,2.17735,40429-96876,https://www.starbucks.co.uk/store-locator/40429-96876/laietana-32,node/1072761322,Starbucks store locator (starbucks.co.uk/api/v2/stores) vía AllThePlaces run 2026-09-19 spider starbucks_eu
alsea-sbux-020,Starbucks Maremagnum,C C Maremagnum Moll d Espanya 7,08039,Barcelona,Barcelona,41.37478,2.18278,30616-99539,https://www.starbucks.co.uk/store-locator/30616-99539/maremagnum,node/9429021627,Starbucks store locator (starbucks.co.uk/api/v2/stores) vía AllThePlaces run 2026-09-19 spider starbucks_eu
alsea-sbux-021,Starbucks Paseo de Gracia,Paseo de Gracia 103,08008,Barcelona,Barcelona,41.39574,2.15979,67943-302838,https://www.starbucks.co.uk/store-locator/67943-302838/sbux-paseo-de-gracia,node/10761667289,Starbucks store locator (starbucks.co.uk/api/v2/stores) vía AllThePlaces run 2026-09-19 spider starbucks_eu
alsea-sbux-022,Starbucks Rambla Cataluna,"10 Rambla Catalunya, Eixample Esquerre",08007,Barcelona,Barcelona,41.38807,2.16809,40416-90706,https://www.starbucks.co.uk/store-locator/40416-90706/rambla-cataluna,node/704051187,Starbucks store locator (starbucks.co.uk/api/v2/stores) vía AllThePlaces run 2026-09-19 spider starbucks_eu
alsea-sbux-023,Starbucks Ronda Sant Pere,17 Ronda Sant Pere,08026,Barcelona,Barcelona,41.38868,2.17194,31390-103782,https://www.starbucks.co.uk/store-locator/31390-103782/ronda-sant-pere,node/704042058,Starbucks store locator (starbucks.co.uk/api/v2/stores) vía AllThePlaces run 2026-09-19 spider starbucks_eu
alsea-sbux-024,Starbucks Room Mate Anna 2,Carrer d Arago 271,08007,Barcelona,Barcelona,41.39287,2.16557,54044-286301,https://www.starbucks.co.uk/store-locator/54044-286301/room-mate-anna-2,node/5641945821,Starbucks store locator (starbucks.co.uk/api/v2/stores) vía AllThePlaces run 2026-09-19 spider starbucks_eu
alsea-sbux-025,Starbucks Sagrada Familia,19 Sagrada Familia Square,08013,Barcelona,Barcelona,41.40229,2.17389,40418-88743,https://www.starbucks.co.uk/store-locator/40418-88743/sagrada-familia,node/3749438191,Starbucks store locator (starbucks.co.uk/api/v2/stores) vía AllThePlaces run 2026-09-19 spider starbucks_eu
alsea-sbux-026,Starbucks Viladecans The Style Outlets,Ctra Variant 245 90,08840,Viladecans,Barcelona,41.3061,2.02515,70824-305779,https://www.starbucks.co.uk/store-locator/70824-305779/viladecans-the-style-outlets,node/11309347311,Starbucks store locator (starbucks.co.uk/api/v2/stores) vía AllThePlaces run 2026-09-19 spider starbucks_eu
alsea-sbux-027,Starbucks Bilbao El Corte Inglés,"Gran Via de Don Diego Lopez de Haro, 20, Centro Comercial, 48001 Bilbao",48001,Bilbao,Bizkaia,43.2636,-2.93108,24373-306872,https://www.starbucks.co.uk/store-locator/24373-306872/bilbao-eci,,Starbucks store locator (starbucks.co.uk/api/v2/stores) vía AllThePlaces run 2026-09-19 spider starbucks_eu
alsea-sbux-028,Starbucks Bilbao Pl. Moyua,"Pl. de Don Federico Moyua, Bilbao, Vizcaya",48009,Bilbao,Bizkaia,43.26265,-2.93512,71022-306005,https://www.starbucks.co.uk/store-locator/71022-306005/bilbao-pl.-moyua,node/10068170716,Starbucks store locator (starbucks.co.uk/api/v2/stores) vía AllThePlaces run 2026-09-19 spider starbucks_eu
alsea-sbux-029,Starbucks C. Navarra,Calle Navarra 8,48001,Bilbao,Bizkaia,43.26094,-2.92628,53273-284626,https://www.starbucks.co.uk/store-locator/53273-284626/c.-navarra,node/5602670168,Starbucks store locator (starbucks.co.uk/api/v2/stores) vía AllThePlaces run 2026-09-19 spider starbucks_eu
alsea-sbux-030,Starbucks El Corte Inglés Santander,"El Corte Ingles Santander, Nueva Montana",39001,Santander,Cantabria,43.43787,-3.84013,51468-266028,https://www.starbucks.co.uk/store-locator/51468-266028/eci-santander,node/11462196549,Starbucks store locator (starbucks.co.uk/api/v2/stores) vía AllThePlaces run 2026-09-19 spider starbucks_eu
alsea-sbux-031,Starbucks Santander Paseo Pereda 10,"P. de Pereda, 10, 39004 Santander, Cantabria",39004,Santander,Cantabria,43.46198,-3.80357,77061-306907,https://www.starbucks.co.uk/store-locator/77061-306907/santander-paseo-pereda-10,node/11861824408,Starbucks store locator (starbucks.co.uk/api/v2/stores) vía AllThePlaces run 2026-09-19 spider starbucks_eu
alsea-sbux-032,Starbucks Castellon C.C. Salera,"Av. Enrique Gimeno, 82, 12006 Castellon de la Plana, Castellon",12006,Castellón,Castellón,39.97926,-0.06091,85162-310637,https://www.starbucks.co.uk/store-locator/85162-310637/castellon-cc-salera,,Starbucks store locator (starbucks.co.uk/api/v2/stores) vía AllThePlaces run 2026-09-19 spider starbucks_eu
alsea-sbux-033,Starbucks Cordoba-Mezquita,C Torrijos corner Medina y Corella,14003,Córdoba,Córdoba,37.87987,-4.77891,57969-291638,https://www.starbucks.co.uk/store-locator/57969-291638/cordoba-mezquita,,Starbucks store locator (starbucks.co.uk/api/v2/stores) vía AllThePlaces run 2026-09-19 spider starbucks_eu
alsea-sbux-034,Starbucks Plaza de Las Tendillas,"2 Las Tendillas Square, Esquina Street Malaga",14002,Córdoba,Córdoba,37.88434,-4.78005,53384-285007,https://www.starbucks.co.uk/store-locator/53384-285007/plaza-de-las-tendillas,node/3678099002,Starbucks store locator (starbucks.co.uk/api/v2/stores) vía AllThePlaces run 2026-09-19 spider starbucks_eu
alsea-sbux-035,Starbucks C.C. Garbera,"C.C. Garbera Garbera Zeharbidea, Garberako, 1",20017,San Sebastián,Gipuzkoa,43.30854,-1.94542,66990-300861,https://www.starbucks.co.uk/store-locator/66990-300861/cc-garbera,way/1249865311,Starbucks store locator (starbucks.co.uk/api/v2/stores) vía AllThePlaces run 2026-09-19 spider starbucks_eu
alsea-sbux-036,Starbucks Libertad San Sebastian,"40 la Libertad Avenue, 58 Ramon y Cajal Street",20004,San Sebastián,Gipuzkoa,43.31911,-1.98403,50303-266029,https://www.starbucks.co.uk/store-locator/50303-266029/libertad-san-sebastian,node/5709314762,Starbucks store locator (starbucks.co.uk/api/v2/stores) vía AllThePlaces run 2026-09-19 spider starbucks_eu
alsea-sbux-037,Starbucks Girona C.C. Espai Girones,Cami dels Carlins 10,17190,Gerona,Girona,41.96711,2.78138,80874-310152,https://www.starbucks.co.uk/store-locator/80874-310152/girona-c.c.-espai-girones,,Starbucks store locator (starbucks.co.uk/api/v2/stores) vía AllThePlaces run 2026-09-19 spider starbucks_eu
alsea-sbux-038,Starbucks Gran Jonquera,Avenida de Galicia 22 17700 La Jonquera,17700,La Jonquera,Girona,42.40244,2.88125,87771-317945,https://www.starbucks.co.uk/store-locator/87771-317945/gran-jonquera,,Starbucks store locator (starbucks.co.uk/api/v2/stores) vía AllThePlaces run 2026-09-19 spider starbucks_eu
alsea-sbux-039,Starbucks Lloret de Mar Calle de Sant Pe,Carrer de Sant Pere 14 17310 Lloret deMar Girona,17310,Lloret de Mar,Girona,41.69994,2.8466,85482-315237,https://www.starbucks.co.uk/store-locator/85482-315237/lloret-de-mar-calle-de-sant-pe,,Starbucks store locator (starbucks.co.uk/api/v2/stores) vía AllThePlaces run 2026-09-19 spider starbucks_eu
alsea-sbux-040,Starbucks C.C. Nevada,"Nevada Shopping Shopping Center, 75 las Palmeras Avenue. Aramilla.",18100,Granada,Granada,37.14658,-3.61342,56289-290196,https://www.starbucks.co.uk/store-locator/56289-290196/c.c.-nevada,,Starbucks store locator (starbucks.co.uk/api/v2/stores) vía AllThePlaces run 2026-09-19 spider starbucks_eu
alsea-sbux-041,Starbucks Gran Via 4,4 Gran Via Colon Street,18010,Granada,Granada,37.17628,-3.59765,53733-285971,https://www.starbucks.co.uk/store-locator/53733-285971/gran-via-4,node/6033811985,Starbucks store locator (starbucks.co.uk/api/v2/stores) vía AllThePlaces run 2026-09-19 spider starbucks_eu
alsea-sbux-042,Starbucks C.C. Momentum Plaza,"Momentum Plaza Shopping Center, 4 S'Olivera Avenue. Magaluf, Calvia",07181,Palma,Illes Balears,39.50616,2.53216,55377-289216,https://www.starbucks.co.uk/store-locator/55377-289216/c.c.-momentum-plaza,node/6367124810,Starbucks store locator (starbucks.co.uk/api/v2/stores) vía AllThePlaces run 2026-09-19 spider starbucks_eu
alsea-sbux-043,Starbucks Cort Mallorca - Saint Andrews,14 Cort Square,07001,Palma,Illes Balears,39.56981,2.65037,51261-277926,https://www.starbucks.co.uk/store-locator/51261-277926/cort-mallorca---saint-andrews,node/4938239421,Starbucks store locator (starbucks.co.uk/api/v2/stores) vía AllThePlaces run 2026-09-19 spider starbucks_eu
alsea-sbux-044,Starbucks Porto Pi C.C. Palma de Mallorca,Avenida de Gabriel Roca 54 Ponent 07015 Palma de Mallorca,07015,Palma,Illes Balears,39.5511,2.62179,85262-314138,https://www.starbucks.co.uk/store-locator/85262-314138/porto-pi-cc-palma-de-mallorca,node/12913181789,Starbucks store locator (starbucks.co.uk/api/v2/stores) vía AllThePlaces run 2026-09-19 spider starbucks_eu
alsea-sbux-045,Starbucks Logrono C.C. Berceo,C C Berceo Calle Lerida 1 26006 LogronoLa Rioja,26006,Logroño,La Rioja,42.46286,-2.42053,91198-317078,https://www.starbucks.co.uk/store-locator/91198-317078/logrono-cc-berceo,,Starbucks store locator (starbucks.co.uk/api/v2/stores) vía AllThePlaces run 2026-09-19 spider starbucks_eu
alsea-sbux-046,Starbucks C.C. Los Alisios,"Los Alisios Shopping Center, 15 GC-308 Road. Las Palmas Gran Canaria",35018,Las Palmas de Gran Canaria,Las Palmas,28.09455,-15.47687,53272-284627,https://www.starbucks.co.uk/store-locator/53272-284627/c.c.-los-alisios,,Starbucks store locator (starbucks.co.uk/api/v2/stores) vía AllThePlaces run 2026-09-19 spider starbucks_eu
alsea-sbux-047,Starbucks El Corte Inglés Mesa y Lopez,ECI MESA Y LOPEZ,35007,Las Palmas de Gran Canaria,Las Palmas,28.13454,-15.43159,51504-267116,https://www.starbucks.co.uk/store-locator/51504-267116/eci-mesa-y-lopez,,Starbucks store locator (starbucks.co.uk/api/v2/stores) vía AllThePlaces run 2026-09-19 spider starbucks_eu
alsea-sbux-048,Starbucks Meloneras,C.C. Boulevard El Faro. Planta baja. Parcela HB1. Urb Meloneras 2-A,35100,Las Palmas de Gran Canaria,Las Palmas,27.73626,-15.60117,57374-291465,https://www.starbucks.co.uk/store-locator/57374-291465/sbux-meloneras,,Starbucks store locator (starbucks.co.uk/api/v2/stores) vía AllThePlaces run 2026-09-19 spider starbucks_eu
alsea-sbux-049,Starbucks Las Rozas Village (Kiosk),"C. Juan Ramen Jimenez, 3, 28232 Las Rozas de Madrid, Madrid",28232,Las Rozas de Madrid,Madrid,40.51886,-3.90272,86028-315878,https://www.starbucks.co.uk/store-locator/86028-315878/las-rozas-village-kiosk,node/13289081684,Starbucks store locator (starbucks.co.uk/api/v2/stores) vía AllThePlaces run 2026-09-19 spider starbucks_eu
alsea-sbux-050,Starbucks Alcala,1 2 Alcala Street,28014,Madrid,Madrid,40.4179,-3.69948,40410-83446,https://www.starbucks.co.uk/store-locator/40410-83446/alcala,node/623953553,Starbucks store locator (starbucks.co.uk/api/v2/stores) vía AllThePlaces run 2026-09-19 spider starbucks_eu
alsea-sbux-051,Starbucks Conde Penalver,Conde Pe alver 10,28006,Madrid,Madrid,40.42624,-3.67543,31501-103703,https://www.starbucks.co.uk/store-locator/31501-103703/conde-penalver,node/5475288768,Starbucks store locator (starbucks.co.uk/api/v2/stores) vía AllThePlaces run 2026-09-19 spider starbucks_eu
alsea-sbux-052,Starbucks Diversia,"Heron Diversia Leisure Centre, 21-23 Bruselas Avenue",28100,Madrid,Madrid,40.53023,-3.63845,40412-86343,https://www.starbucks.co.uk/store-locator/40412-86343/diversia,node/6922980729,Starbucks store locator (starbucks.co.uk/api/v2/stores) vía AllThePlaces run 2026-09-19 spider starbucks_eu
alsea-sbux-053,Starbucks E C I Pozuelo,Camino dsel cerro d elos gamos 2 Pozuelo 28224 Madrid,28224,Madrid,Madrid,40.4629,-3.80774,23899-311663,https://www.starbucks.co.uk/store-locator/23899-311663/e-c-i-pozuelo,,Starbucks store locator (starbucks.co.uk/api/v2/stores) vía AllThePlaces run 2026-09-19 spider starbucks_eu
alsea-sbux-054,Starbucks Gran Via 58,58 Gran Via,28013,Madrid,Madrid,40.42188,-3.70807,40427-95781,https://www.starbucks.co.uk/store-locator/40427-95781/gran-via-58,node/600212333,Starbucks store locator (starbucks.co.uk/api/v2/stores) vía AllThePlaces run 2026-09-19 spider starbucks_eu
alsea-sbux-055,Starbucks Islazul,Islazul Shopping Center,28054,Madrid,Madrid,40.36399,-3.73743,32471-108694,https://www.starbucks.co.uk/store-locator/32471-108694/islazul,node/10961531579,Starbucks store locator (starbucks.co.uk/api/v2/stores) vía AllThePlaces run 2026-09-19 spider starbucks_eu
alsea-sbux-056,Starbucks Juan Bravo 16,16 Juan Bravo Street,28006,Madrid,Madrid,40.43273,-3.68347,32533-107812,https://www.starbucks.co.uk/store-locator/32533-107812/juan-bravo-16,node/1359795118,Starbucks store locator (starbucks.co.uk/api/v2/stores) vía AllThePlaces run 2026-09-19 spider starbucks_eu
alsea-sbux-057,Starbucks La Gavia,La Gavia Shopping Center Local B118,28051,Madrid,Madrid,40.36899,-3.59852,1371-125250,https://www.starbucks.co.uk/store-locator/1371-125250/la-gavia,,Starbucks store locator (starbucks.co.uk/api/v2/stores) vía AllThePlaces run 2026-09-19 spider starbucks_eu
alsea-sbux-058,Starbucks Madrid Calle Montera 38,Calle de la Montera 38,28013,Madrid,Madrid,40.41925,-3.7017,68511-303550,https://www.starbucks.co.uk/store-locator/68511-303550/madrid-calle-montera-38,node/184049441,Starbucks store locator (starbucks.co.uk/api/v2/stores) vía AllThePlaces run 2026-09-19 spider starbucks_eu
alsea-sbux-059,Starbucks Madrid Cea Bermudez 63,Calle Cea Bermudez 63 Madrid,28003,Madrid,Madrid,40.43894,-3.71614,80992-310265,https://www.starbucks.co.uk/store-locator/80992-310265/madrid-cea-bermudez-63,node/11327858636,Starbucks store locator (starbucks.co.uk/api/v2/stores) vía AllThePlaces run 2026-09-19 spider starbucks_eu
alsea-sbux-060,Starbucks Madrid Gran Via 46,C Gran Via 46 28013 Madrid,28013,Madrid,Madrid,40.4205,-3.70604,78810-308861,https://www.starbucks.co.uk/store-locator/78810-308861/madrid-gran-via-46,node/184049491,Starbucks store locator (starbucks.co.uk/api/v2/stores) vía AllThePlaces run 2026-09-19 spider starbucks_eu
alsea-sbux-061,Starbucks Madrid Plaza Santa Cruz 6,Plaza Santa Cruz 6 Madrid,28012,Madrid,Madrid,40.41533,-3.70564,83424-313059,https://www.starbucks.co.uk/store-locator/83424-313059/madrid-plaza-santa-cruz-6,,Starbucks store locator (starbucks.co.uk/api/v2/stores) vía AllThePlaces run 2026-09-19 spider starbucks_eu
alsea-sbux-062,Starbucks Madrid Serrano 41,calle Serrano 41 Madrid 28001,28001,Madrid,Madrid,40.42852,-3.68757,83423-313060,https://www.starbucks.co.uk/store-locator/83423-313060/madrid-serrano-41,,Starbucks store locator (starbucks.co.uk/api/v2/stores) vía AllThePlaces run 2026-09-19 spider starbucks_eu
alsea-sbux-063,Starbucks Montera 8,C/ Montera 8,28013,Madrid,Madrid,40.41782,-3.70273,57512-291639,https://www.starbucks.co.uk/store-locator/57512-291639/montera-8,node/3644961945,Starbucks store locator (starbucks.co.uk/api/v2/stores) vía AllThePlaces run 2026-09-19 spider starbucks_eu
alsea-sbux-064,Starbucks Padre Damian,29 Padre Damian Street,28036,Madrid,Madrid,40.45946,-3.68563,30712-99808,https://www.starbucks.co.uk/store-locator/30712-99808/padre-damian,node/5351136509,Starbucks store locator (starbucks.co.uk/api/v2/stores) vía AllThePlaces run 2026-09-19 spider starbucks_eu
alsea-sbux-065,Starbucks Palace,5 Canovas del Castillo Square,28005,Madrid,Madrid,40.41499,-3.69503,40402-128944,https://www.starbucks.co.uk/store-locator/40402-128944/palace,node/5070216321,Starbucks store locator (starbucks.co.uk/api/v2/stores) vía AllThePlaces run 2026-09-19 spider starbucks_eu
alsea-sbux-066,Starbucks Plaza Espana,"Plaza Espana Square, 73 Gran Via Street",28013,Madrid,Madrid,40.42326,-3.71071,40421-86960,https://www.starbucks.co.uk/store-locator/40421-86960/plaza-espana,node/622204563,Starbucks store locator (starbucks.co.uk/api/v2/stores) vía AllThePlaces run 2026-09-19 spider starbucks_eu
alsea-sbux-067,Starbucks Reina Sofia,4 Doctor Drumen Street,28012,Madrid,Madrid,40.40905,-3.69305,32060-105168,https://www.starbucks.co.uk/store-locator/32060-105168/reina-sofia,node/12081159379,Starbucks store locator (starbucks.co.uk/api/v2/stores) vía AllThePlaces run 2026-09-19 spider starbucks_eu
alsea-sbux-068,Starbucks Rivas,"H2O - Rivas Futura Shopping Center, 4 Marie Curie Street",28521,Madrid,Madrid,40.33787,-3.52681,31782-108637,https://www.starbucks.co.uk/store-locator/31782-108637/rivas,node/3694135441,Starbucks store locator (starbucks.co.uk/api/v2/stores) vía AllThePlaces run 2026-09-19 spider starbucks_eu
alsea-sbux-069,Starbucks Telefonica,"Commercial Area - District Telefonica, 2 Ronda la Comunicacion",28050,Madrid,Madrid,40.51509,-3.66304,56907-290901,https://www.starbucks.co.uk/store-locator/56907-290901/sbux-telefonica,,Starbucks store locator (starbucks.co.uk/api/v2/stores) vía AllThePlaces run 2026-09-19 spider starbucks_eu
alsea-sbux-070,Starbucks Xanadu,"Xanadu Shopping Center, Street Puerto Navacerrada.",28939,Madrid,Madrid,40.29943,-3.92745,31664-108318,https://www.starbucks.co.uk/store-locator/31664-108318/xanadu,,Starbucks store locator (starbucks.co.uk/api/v2/stores) vía AllThePlaces run 2026-09-19 spider starbucks_eu
alsea-sbux-071,Starbucks Equinoccio,"Equinoccio Shopping Center, 2 La Fresa Street",28222,Majadahonda,Madrid,40.45496,-3.87466,17078-176509,https://www.starbucks.co.uk/store-locator/17078-176509/equinoccio,node/4955205327,Starbucks store locator (starbucks.co.uk/api/v2/stores) vía AllThePlaces run 2026-09-19 spider starbucks_eu
alsea-sbux-072,Starbucks Plaza Norte Ii,"Plaza Norte 2 Shopping Center, 11-12 Comercio Square",28700,San Sebastian de los Reyes,Madrid,40.54114,-3.61446,32619-125251,https://www.starbucks.co.uk/store-locator/32619-125251/plaza-norte-ii,,Starbucks store locator (starbucks.co.uk/api/v2/stores) vía AllThePlaces run 2026-09-19 spider starbucks_eu
alsea-sbux-073,Starbucks El Corte Inglés Alicante Maissonave,El Corte Ingles Alicante Kiosko exterio,,Alicante,Alicante,38.34291,-0.49336,50976-276782,https://www.starbucks.co.uk/store-locator/50976-276782/sbux-eci-alicante-maissonave,node/11964291431,Starbucks store locator (starbucks.co.uk/api/v2/stores) vía AllThePlaces run 2026-09-19 spider starbucks_eu
alsea-sbux-074,Starbucks C.C. Nueva Condomina,"Autova A-7, Km. 760",30110,Murcia,Murcia,38.04085,-1.14901,61942-296282,https://www.starbucks.co.uk/store-locator/61942-296282/c.c.-nueva-condomina,,Starbucks store locator (starbucks.co.uk/api/v2/stores) vía AllThePlaces run 2026-09-19 spider starbucks_eu
alsea-sbux-075,Starbucks El Corte Inglés Murcia,Gran Via Escultor Francisco Salcillo 42,30005,Murcia,Murcia,37.98854,-1.132,50300-260427,https://www.starbucks.co.uk/store-locator/50300-260427/eci-murcia,node/4908694807,Starbucks store locator (starbucks.co.uk/api/v2/stores) vía AllThePlaces run 2026-09-19 spider starbucks_eu
alsea-sbux-076,Starbucks Malaga C.C. Muelle Uno,P del Muelle Uno 4 29016 Malaga,29016,Málaga,Málaga,36.71733,-4.41305,78491-308481,https://www.starbucks.co.uk/store-locator/78491-308481/malaga-cc-muelle-uno,node/11853318600,Starbucks store locator (starbucks.co.uk/api/v2/stores) vía AllThePlaces run 2026-09-19 spider starbucks_eu
alsea-sbux-077,Starbucks Malaga C.C. Vialia,Explanada de la Estacion s/n 29002 Malaga,29002,Málaga,Málaga,36.71084,-4.43075,85910-311741,https://www.starbucks.co.uk/store-locator/85910-311741/malaga-cc-vialia,,Starbucks store locator (starbucks.co.uk/api/v2/stores) vía AllThePlaces run 2026-09-19 spider starbucks_eu
alsea-sbux-078,Starbucks Malaga Pl. Constitucion 4,"Plaza de la Constitucion 4, Malaga, 29005",29005,Málaga,Málaga,36.72084,-4.4223,68979-304193,https://www.starbucks.co.uk/store-locator/68979-304193/malaga-pl.-constitucion-4,node/4663652451,Starbucks store locator (starbucks.co.uk/api/v2/stores) vía AllThePlaces run 2026-09-19 spider starbucks_eu
alsea-sbux-079,Starbucks Plaza Felix Sainz,9 Felix Saenz Square,29005,Málaga,Málaga,36.71917,-4.42315,29456-253884,https://www.starbucks.co.uk/store-locator/29456-253884/plaza-felix-sainz,node/5286253560,Starbucks store locator (starbucks.co.uk/api/v2/stores) vía AllThePlaces run 2026-09-19 spider starbucks_eu
alsea-sbux-080,Starbucks Cordovilla C.C. La Morea,"Barrio La Morea, s/n, 31191 Cordovilla, Navarra",31191,Cordovilla,Navarra,42.78299,-1.63327,86833-315913,https://www.starbucks.co.uk/store-locator/86833-315913/cordovilla-cc-la-morea,,Starbucks store locator (starbucks.co.uk/api/v2/stores) vía AllThePlaces run 2026-09-19 spider starbucks_eu
alsea-sbux-081,Starbucks Pamplona Mercaderes 6,"Calle Mercaderes, 6 31001 Pamplona, Navarra",31001,Pamplona,Navarra,42.81827,-1.64322,85301-313327,https://www.starbucks.co.uk/store-locator/85301-313327/pamplona-mercaderes-6,node/4353227096,Starbucks store locator (starbucks.co.uk/api/v2/stores) vía AllThePlaces run 2026-09-19 spider starbucks_eu
alsea-sbux-082,Starbucks C.C Vialia Vigo,"Vigo-Urzaiz, Plaza Estacion 1, Vigo, Pontevedra",36201,Vigo,Pontevedra,42.2342,-8.71379,66801-301397,https://www.starbucks.co.uk/store-locator/66801-301397/sbux-c.c-vialia-vigo,,Starbucks store locator (starbucks.co.uk/api/v2/stores) vía AllThePlaces run 2026-09-19 spider starbucks_eu
alsea-sbux-083,Starbucks Plaza Mayor 21,"Square Mayor, 21",37002,Salamanca,Salamanca,40.96525,-5.66462,56290-290197,https://www.starbucks.co.uk/store-locator/56290-290197/plaza-mayor-21,node/4449179962,Starbucks store locator (starbucks.co.uk/api/v2/stores) vía AllThePlaces run 2026-09-19 spider starbucks_eu
alsea-sbux-084,Starbucks C.C. Siam Mall,"Siam Mall Shopping Center, 3 Siam Avenue",38670,Santa Cruz de Tenerife,Santa Cruz de Tenerife,28.06903,-16.72257,53004-284008,https://www.starbucks.co.uk/store-locator/53004-284008/c.c.-siam-mall,,Starbucks store locator (starbucks.co.uk/api/v2/stores) vía AllThePlaces run 2026-09-19 spider starbucks_eu
alsea-sbux-085,Starbucks La Laguna,16 La Concepcion Square,38201,Santa Cruz de Tenerife,Santa Cruz de Tenerife,28.49534,-16.31772,57372-291468,https://www.starbucks.co.uk/store-locator/57372-291468/sbux-la-laguna,,Starbucks store locator (starbucks.co.uk/api/v2/stores) vía AllThePlaces run 2026-09-19 spider starbucks_eu
alsea-sbux-086,Starbucks Sta Cruz Tnf Bethencourt Alfon,"Calle de S. Francisco, 9, 38002, Santa Cruz de Tenerife",38002,Santa Cruz de Tenerife,Santa Cruz de Tenerife,28.46761,-16.24909,85930-315748,https://www.starbucks.co.uk/store-locator/85930-315748/sta-cruz-tnf-bethencourt-alfon,,Starbucks store locator (starbucks.co.uk/api/v2/stores) vía AllThePlaces run 2026-09-19 spider starbucks_eu
alsea-sbux-087,Starbucks Sevilla Fashion Outlet,"P Industrial Los Espartales, A4, KM 531, 41300 San Jose de la Rinconada, Sevilla",41300,San José de la Rinconada,Sevilla,37.43937,-5.88542,78409-308394,https://www.starbucks.co.uk/store-locator/78409-308394/sevilla-fashion-outlet,,Starbucks store locator (starbucks.co.uk/api/v2/stores) vía AllThePlaces run 2026-09-19 spider starbucks_eu
alsea-sbux-088,Starbucks C.C. Lagoh,"Ronda de Circunvalacion, 614",41012,Sevilla,Sevilla,37.3435,-5.98683,58972-289059,https://www.starbucks.co.uk/store-locator/58972-289059/c.c.-lagoh,,Starbucks store locator (starbucks.co.uk/api/v2/stores) vía AllThePlaces run 2026-09-19 spider starbucks_eu
alsea-sbux-089,Starbucks Sevilla Airside,Sevilla,41020,Sevilla,Sevilla,37.42121,-5.92512,68935-304111,https://www.starbucks.co.uk/store-locator/68935-304111/sevilla-airside,,Starbucks store locator (starbucks.co.uk/api/v2/stores) vía AllThePlaces run 2026-09-19 spider starbucks_eu
alsea-sbux-090,Starbucks Sevilla C.C. Nervion Plaza,Calle Luis de Morales 3 41005 Sevilla,41005,Sevilla,Sevilla,37.38306,-5.9728,82070-311525,https://www.starbucks.co.uk/store-locator/82070-311525/sevilla-cc-nervion-plaza,,Starbucks store locator (starbucks.co.uk/api/v2/stores) vía AllThePlaces run 2026-09-19 spider starbucks_eu
alsea-sbux-091,Starbucks Comercio 40,40 Comercio Street,45001,Toledo,Toledo,39.8592,-4.02229,53380-285009,https://www.starbucks.co.uk/store-locator/53380-285009/comercio-40,node/2648637547,Starbucks store locator (starbucks.co.uk/api/v2/stores) vía AllThePlaces run 2026-09-19 spider starbucks_eu
alsea-sbux-092,Starbucks Bonaire,"Bonaire Shopping Center, Road A-3, km 345.",46960,Aldaia,Valencia,39.47152,-0.48791,15307-148964,https://www.starbucks.co.uk/store-locator/15307-148964/bonaire,way/299375809,Starbucks store locator (starbucks.co.uk/api/v2/stores) vía AllThePlaces run 2026-09-19 spider starbucks_eu
alsea-sbux-093,Starbucks C.C. El Saler,"C.C El Saler, Avenida del Profesor Lopez Pinero 16",46013,Valencia,Valencia,39.4529,-0.35542,66492-301073,https://www.starbucks.co.uk/store-locator/66492-301073/cc-el-saler,,Starbucks store locator (starbucks.co.uk/api/v2/stores) vía AllThePlaces run 2026-09-19 spider starbucks_eu
alsea-sbux-094,Starbucks Valencia Xativa 20,C de Xativa 20 46002 Valencia,46002,Valencia,Valencia,39.46759,-0.37803,81561-309280,https://www.starbucks.co.uk/store-locator/81561-309280/valencia-xativa-20,,Starbucks store locator (starbucks.co.uk/api/v2/stores) vía AllThePlaces run 2026-09-19 spider starbucks_eu
alsea-sbux-095,Starbucks Valladolid C.C. Rio Shopping,"C. Me Falta un Tornillo, 3, 47195 Arroyo de la Encomienda, Valladolid",47195,Valladolid,Valladolid,41.6294,-4.78675,51814-307451,https://www.starbucks.co.uk/store-locator/51814-307451/valladolid-cc-rio-shopping,,Starbucks store locator (starbucks.co.uk/api/v2/stores) vía AllThePlaces run 2026-09-19 spider starbucks_eu
alsea-sbux-096,Starbucks Valladolid Pza. Mayor,Plaza Mayor 15,47001,Valladolid,Valladolid,41.65156,-4.72909,80729-309969,https://www.starbucks.co.uk/store-locator/80729-309969/valladolid-pza.-mayor,node/5269915531,Starbucks store locator (starbucks.co.uk/api/v2/stores) vía AllThePlaces run 2026-09-19 spider starbucks_eu
alsea-sbux-097,Starbucks Coso,15 Coso Street,50003,Zaragoza,Zaragoza,41.65348,-0.88223,51791-279345,https://www.starbucks.co.uk/store-locator/51791-279345/coso,node/5009097439,Starbucks store locator (starbucks.co.uk/api/v2/stores) vía AllThePlaces run 2026-09-19 spider starbucks_eu
alsea-sbux-098,Starbucks Zaragoza Pso. Independencia 24,"Paseo de la Independencia, 24, Casco Antiguo, 50004 Zaragoza",50004,Zaragoza,Zaragoza,41.6501,-0.88341,86269-315912,https://www.starbucks.co.uk/store-locator/86269-315912/zaragoza-pso.-independencia-24,node/4343407889,Starbucks store locator (starbucks.co.uk/api/v2/stores) vía AllThePlaces run 2026-09-19 spider starbucks_eu
alsea-sbux-099,Starbucks Puerto Venecia Zaragoza,"Puerto Venecia Shopping Center, 7 Travesia los Jardines Reales",50021,Zargoza,Zaragoza,41.60894,-0.88849,50309-266027,https://www.starbucks.co.uk/store-locator/50309-266027/puerto-venecia-zaragoza,node/5615267827,Starbucks store locator (starbucks.co.uk/api/v2/stores) vía AllThePlaces run 2026-09-19 spider starbucks_eu
alsea-sbux-100,Starbucks Vitoria Plaza de La Virgen Bla,CALLE PRADO 2 VITORIA GASTEIZ 01005,01005,Vitoria,Álava,42.84648,-2.67334,85038-313266,https://www.starbucks.co.uk/store-locator/85038-313266/vitoria-plaza-de-la-virgen-bla,node/537986489,Starbucks store locator (starbucks.co.uk/api/v2/stores) vía AllThePlaces run 2026-09-19 spider starbucks_eu
