n,ciudad,storeNumber,nombre,direccion_locator,direccion_fiscal,municipio,estado,cp,lat,lon,status,fuente,verificacion,nota
1,CDMX,38487,Madero,Madero 42 Col Centro,FRANCISCO I MADERO MANZANA 14 42 S/N CENTRO DE LA CUIDAD DE MEXICO AREA 1 CP 06000 CUAUHTEMOC CIUDAD DE MEXICO,Cuauhtemoc,CDMX,06000,19.433649,-99.137403,ACTIVE,"https://www.starbucks.com.mx/stores (API POST /api/getStores, consultada 2026-09-28)","Coordenadas y dirección del localizador oficial Starbucks México (Alsea); cruzado con OSM Nominatim reverse: 36, Calle Francisco I. Madero, Centro, Roma, Ciudad de México, Cuauhtémoc, Ciudad de México, 06060, México",Locator da CP 6000 → 06000.
2,Guadalajara,38624,Centro Gdl,Degollado  202 211 y 213 Col Guadalajara Centro,"DEGOLLADO 202,211,213 Y 217 10,201-207 A GUADALAJARA CENTRO CP 44100 GUADALAJARA JALISCO",Jalisco,JAL,44100,20.6741566,-103.3448156,ACTIVE,"https://www.starbucks.com.mx/stores (API POST /api/getStores, consultada 2026-09-28)","Coordenadas y dirección del localizador oficial Starbucks México (Alsea); cruzado con OSM Nominatim reverse: Calle Degollado, Plaza Luis Barragán, Guadalajara, Región Centro, Jalisco, 44180, México",
3,Monterrey,38670,Pabellon M,Av Juarez 1102 y 11021 al 110212 Nivel 1 PBC17 Col Monterrey Centro,AV. JUAREZ 1102 Y 1102-1 AL 1102-12 NIVEL 1 PB-C17 MONTERREY CENTRO CP 64000 MONTERREY NUEVO LEÓN,Monterrey,NLE,64000,25.666903660561,-100.319595336914,ACTIVE,"https://www.starbucks.com.mx/stores (API POST /api/getStores, consultada 2026-09-28)","Coordenadas y dirección del localizador oficial Starbucks México (Alsea); cruzado con OSM Nominatim reverse: Carril compartido, Centro, Monterrey, Nuevo León, 67000, México","Pabellón M (Av. Juárez 1102, Centro)."
4,Puebla,38699,Puebla Centro,Av 2 Oriente 203 Int lLocal B Col Puebla Centro,AVENIDA 2 ORIENTE 203 LOCAL B PUEBLA CENTRO CP 72000 PUEBLA PUEBLA,Puebla,PUE,72000,19.0441844167093,-98.1967163077206,ACTIVE,"https://www.starbucks.com.mx/stores (API POST /api/getStores, consultada 2026-09-28)","Coordenadas y dirección del localizador oficial Starbucks México (Alsea); cruzado con OSM Nominatim reverse: Capilla del Arte, 6, Calle 2 Norte, Centro Histórico de Puebla, Puebla, Municipio de Puebla, Puebla, 72000, México",
5,Querétaro,38467,Constituyentes Querétaro,Av Constituyentes 57 Esq Fray Pedro Col Cimatario,AVENIDA CONSTITUYENTES 57 1 CIMATARIO CP 76030 QUERETARO QUERETARO,Queretaro,QUE,76030,20.584085,-100.393291,ACTIVE,"https://www.starbucks.com.mx/stores (API POST /api/getStores, consultada 2026-09-28)","Coordenadas y dirección del localizador oficial Starbucks México (Alsea); cruzado con OSM Nominatim reverse: Calle Fray Pedro de Gante, Cimatario, Delegación Centro Histórico, Santiago de Querétaro, Municipio de Querétaro, Querétaro, 76030, México",
6,Mérida,38435,PASEO DE MONTEJO,Calle 56A no 465 Entre Av Colon y Esq Calle 56A Col Centro,CALLE 56 A 465  CENTRO CP 97000 MERIDA YUCATAN,Yucatán,YUC,97000,20.9850204,-89.6182096999999,ACTIVE,"https://www.starbucks.com.mx/stores (API POST /api/getStores, consultada 2026-09-28)","Coordenadas y dirección del localizador oficial Starbucks México (Alsea); cruzado con OSM Nominatim reverse: Starbucks, Paseo Montejo, Centro, Mérida, Yucatán, 97050, México",
7,Cancún,38723,Puerto Cancun,AvBonampak L102 Int A49 C Col Zona Hotelera,AV. BONAMPAK L-1-02 A-49C ZONA HOTELERA CP 77500  QUINTANA ROO,Quintana Roo,ROO,77500,21.160301,-86.80794,ACTIVE,"https://www.starbucks.com.mx/stores (API POST /api/getStores, consultada 2026-09-28)","Coordenadas y dirección del localizador oficial Starbucks México (Alsea); cruzado con OSM Nominatim reverse: Marina Puerto Cancún, Boulevard Puerto Cancún, Zona Hotelera, Cancún, Benito Juárez, Quintana Roo, 77500, México",
8,Tijuana,38252,PLAZA RIO,Bulvrd.Paseo De Los Heroes # 95 Unidad Privativa 5 E,AVENIDA PASEO DE LOS HEROES  95 LOCAL E-5 ZONA URBANA RIO TIJUANA CP 22010 TIJUANA BAJA CALIFORNIA,Tijuana,BCN,22010,32.527349,-117.018754,ACTIVE,"https://www.starbucks.com.mx/stores (API POST /api/getStores, consultada 2026-09-28)","Coordenadas y dirección del localizador oficial Starbucks México (Alsea); cruzado con OSM Nominatim reverse: Telcel, Avenida Vía Rápida Poniente, Zona Río, Del. Centro, Tijuana, Municipio de Tijuana, Baja California, 22320, México","OSM reverse cae en la Vía Rápida Poniente (lindero de Plaza Río, Zona Río): coherente."
9,León,38453,Poliforum (Calle Fco. Villa ),Blvd Francisco Villa 1820 Locales 1172 y 1173 Col Oriental,BLVD. FRANCISCO VILLA 1820 LOCALES  1-172 Y 1-173 ORIENTAL CP 37510 LEON GUANAJUATO,Leon,GUA,37500,21.1155645766608,-101.656140089035,ACTIVE,"https://www.starbucks.com.mx/stores (API POST /api/getStores, consultada 2026-09-28)","Coordenadas y dirección del localizador oficial Starbucks México (Alsea); cruzado con OSM Nominatim reverse: Distrito LEON MX, León, Guanajuato, 37500, México","Plaza/Poliforum, Blvd. Francisco Villa 1820; CP fiscal 37510 vs locator 37500."
10,Oaxaca,38519,PLAZA DEL PARQUE OAXACA,Calzada Porfirio Diaz  27 Colonia Reforma,CALZADA PORFIRIO DIAZ 27 KIOSKO REFORMA CP 68050 OAXACA DE JUAREZ OAXACA,Oaxaca De Juarez,OAX,68050,17.078757,-96.71906,ACTIVE,"https://www.starbucks.com.mx/stores (API POST /api/getStores, consultada 2026-09-28)","Coordenadas y dirección del localizador oficial Starbucks México (Alsea); cruzado con OSM Nominatim reverse: El Asador Vasco, Heróica Escuela Naval Militar, Colonia Reforma, Oaxaca, Oaxaca de Juárez, Oaxaca, 68050, México","CP del locator (82103) es erróneo; la dirección fiscal del propio locator y OSM dan CP 68050 (Col. Reforma, Oaxaca de Juárez)."
