id,name,street,postcode,city,province,lat,lon,osm_id,osm_url,opening_hours,source
jti-xtanco-001,Estanco Juan Florez,Rúa Juan Flórez 40,15004,A Coruña,A Coruña,43.365151,-8.408523,node/6406908470,https://www.openstreetmap.org/node/6406908470,"Mo-Fr 08:30-21:00;Sa 10:00-14:30,17:00-21:00; Su 10:00-14:30",OpenStreetMap shop=tobacco · extracto Geofabrik spain-latest (24-sep-2026)
jti-xtanco-002,Estanco La Fortaleza,Costa da Tapia 26,15679,Cambre,A Coruña,43.318085,-8.356167,node/13525361503,https://www.openstreetmap.org/node/13525361503,Mo-Fr 08:30-21:00; Sa 09:30-14:30,OpenStreetMap shop=tobacco · extracto Geofabrik spain-latest (24-sep-2026)
jti-xtanco-003,Tabacos Lerri,Rúa Rosalía de Castro 9,15270,Cee,A Coruña,42.954207,-9.188358,node/12625657157,https://www.openstreetmap.org/node/12625657157,,OpenStreetMap shop=tobacco · extracto Geofabrik spain-latest (24-sep-2026)
jti-xtanco-004,San Pablo,Calle Calatrava 21,02006,Albacete,Albacete,38.995628,-1.873593,node/13661267325,https://www.openstreetmap.org/node/13661267325,,OpenStreetMap shop=tobacco · extracto Geofabrik spain-latest (24-sep-2026)
jti-xtanco-005,Estanco,Plaça de l’Església,03550,San Juan de Alicante,Alicante,38.401578,-0.435833,node/6278542697,https://www.openstreetmap.org/node/6278542697,,OpenStreetMap shop=tobacco · extracto Geofabrik spain-latest (24-sep-2026)
jti-xtanco-006,Estanco Expendidura 25,Avinguda d'Aguilera 33,03007,Alicante,Alicante,38.342997,-0.497797,node/4697672755,https://www.openstreetmap.org/node/4697672755,Mo-Fr 08:30-21:00; Sa 09:00-14:00,OpenStreetMap shop=tobacco · extracto Geofabrik spain-latest (24-sep-2026)
jti-xtanco-007,Expendeduría Les Rotes,Carretera de Dénia a Xàbia 20,03700,Dénia,Alicante,38.836458,0.117498,node/8507396221,https://www.openstreetmap.org/node/8507396221,"Tu-Su 08:30-14:30,17:00-20:00",OpenStreetMap shop=tobacco · extracto Geofabrik spain-latest (24-sep-2026)
jti-xtanco-008,Estanco Mercedes,Avenida Diecinueve de Abril 49A,03193,San Miguel de Salinas,Alicante,37.981204,-0.789331,node/1946027827,https://www.openstreetmap.org/node/1946027827,"Mo-Fr 08:00-14:00,16:00-21:00; Sa 08:30-14:30; Su 10:00-14:00",OpenStreetMap shop=tobacco · extracto Geofabrik spain-latest (24-sep-2026)
jti-xtanco-009,Estanco,Paseo de Almería 12,04001,Almería,Almería,36.840364,-2.463812,node/3421357873,https://www.openstreetmap.org/node/3421357873,,OpenStreetMap shop=tobacco · extracto Geofabrik spain-latest (24-sep-2026)
jti-xtanco-010,Tabacos,C. Agua 3,04838,"María, Almería",Almería,37.710903,-2.165458,way/1426428274,https://www.openstreetmap.org/way/1426428274,,OpenStreetMap shop=tobacco · extracto Geofabrik spain-latest (24-sep-2026)
jti-xtanco-011,Tabacos cabañaquinta,Calle Doctor Fleming 10,33686,Cabanaquinta,Asturias,43.161408,-5.623876,node/13510349519,https://www.openstreetmap.org/node/13510349519,,OpenStreetMap shop=tobacco · extracto Geofabrik spain-latest (24-sep-2026)
jti-xtanco-012,Tabacos,Calle Uría / Cai Uría 62,33003,Oviedo,Asturias,43.365155,-5.852805,node/10117016346,https://www.openstreetmap.org/node/10117016346,,OpenStreetMap shop=tobacco · extracto Geofabrik spain-latest (24-sep-2026)
jti-xtanco-013,Expendedora 35,Avenida de Europa 6C,06004,Badajoz,Badajoz,38.874373,-6.97288,node/2516188972,https://www.openstreetmap.org/node/2516188972,,OpenStreetMap shop=tobacco · extracto Geofabrik spain-latest (24-sep-2026)
jti-xtanco-014,l'Estanc de La Salut,Carrer de Pau Piferrer 1,08914,Badalona,Barcelona,41.442931,2.224136,node/3561003494,https://www.openstreetmap.org/node/3561003494,,OpenStreetMap shop=tobacco · extracto Geofabrik spain-latest (24-sep-2026)
jti-xtanco-015,Paloma,Carrer del Clot 63,08018,Barcelona,Barcelona,41.408154,2.188271,node/3049395440,https://www.openstreetmap.org/node/3049395440,"Mo-Sa 10:00-14:00,17:00-20:30",OpenStreetMap shop=tobacco · extracto Geofabrik spain-latest (24-sep-2026)
jti-xtanco-016,Estanco nº 376,Carrer de Getsemaní 6,08035,Barcelona,Barcelona,41.425142,2.14025,node/11327789166,https://www.openstreetmap.org/node/11327789166,,OpenStreetMap shop=tobacco · extracto Geofabrik spain-latest (24-sep-2026)
jti-xtanco-017,Estanco,Carrer de Rocafort 23,08029,Barcelona,Barcelona,41.382471,2.142114,node/9851051917,https://www.openstreetmap.org/node/9851051917,Mo-Fr 09:00-20:00; Sa 09:00-14:00,OpenStreetMap shop=tobacco · extracto Geofabrik spain-latest (24-sep-2026)
jti-xtanco-018,Tabacs,Carrer dels Alts Forns 70,08038,Barcelona,Barcelona,41.358975,2.141339,node/7411177579,https://www.openstreetmap.org/node/7411177579,"Mo-Fr 08:00-14:00, 16:30-20:00; Sa 08:00-13:30; PH off",OpenStreetMap shop=tobacco · extracto Geofabrik spain-latest (24-sep-2026)
jti-xtanco-019,Estanco,Carrer de la Mare de Déu de Lorda,08033,Barcelona,Barcelona,41.450836,2.191544,node/2339780141,https://www.openstreetmap.org/node/2339780141,,OpenStreetMap shop=tobacco · extracto Geofabrik spain-latest (24-sep-2026)
jti-xtanco-020,Estanc Girona,Carrer de Girona 183,08037,Barcelona,Barcelona,41.399855,2.164262,node/6338540516,https://www.openstreetmap.org/node/6338540516,,OpenStreetMap shop=tobacco · extracto Geofabrik spain-latest (24-sep-2026)
jti-xtanco-021,Estanco,Carrer de la Mare de Déu del Socós 34,08540,Centelles,Barcelona,41.796282,2.218873,node/3226267566,https://www.openstreetmap.org/node/3226267566,,OpenStreetMap shop=tobacco · extracto Geofabrik spain-latest (24-sep-2026)
jti-xtanco-022,L'estanc,Avinguda Catalunya 31,08680,Gironella,Barcelona,42.032114,1.880226,node/4353294610,https://www.openstreetmap.org/node/4353294610,,OpenStreetMap shop=tobacco · extracto Geofabrik spain-latest (24-sep-2026)
jti-xtanco-023,"Estanc, moda i complements Anna",Passatge Parés 38,08512,Sant Hipòlit de Voltregà,Barcelona,42.016231,2.23767,node/13269965450,https://www.openstreetmap.org/node/13269965450,"Mo-Fr 08:45-13:30,16:30-20:00; Sa 09:00-13:00; PH off",OpenStreetMap shop=tobacco · extracto Geofabrik spain-latest (24-sep-2026)
jti-xtanco-024,Tabacs Exp. nº2,Carretera de Valls 66,08710,Santa Margarida de Montbui,Barcelona,41.572908,1.608674,node/441947254,https://www.openstreetmap.org/node/441947254,,OpenStreetMap shop=tobacco · extracto Geofabrik spain-latest (24-sep-2026)
jti-xtanco-025,Estanc. Expenduria 6,Avinguda de Francesc Macià 120,08800,Vilanova i la Geltrú,Barcelona,41.221136,1.71616,node/10989574920,https://www.openstreetmap.org/node/10989574920,,OpenStreetMap shop=tobacco · extracto Geofabrik spain-latest (24-sep-2026)
jti-xtanco-026,Pàmies,Carrer Major 11,08901,l'Hospitalet de Llobregat,Barcelona,41.359665,2.100985,node/10278544624,https://www.openstreetmap.org/node/10278544624,,OpenStreetMap shop=tobacco · extracto Geofabrik spain-latest (24-sep-2026)
jti-xtanco-027,Estanco,Altamira 24,48013,Bilbao,Bizkaia,43.262128,-2.962774,node/11812821553,https://www.openstreetmap.org/node/11812821553,Mo-Fr 10:00-14:00,OpenStreetMap shop=tobacco · extracto Geofabrik spain-latest (24-sep-2026)
jti-xtanco-028,Estanco,Juan de la Cosa kalea,48004,Bilbao,Bizkaia,43.251707,-2.914448,node/4232084609,https://www.openstreetmap.org/node/4232084609,,OpenStreetMap shop=tobacco · extracto Geofabrik spain-latest (24-sep-2026)
jti-xtanco-029,Tabako denda,Paskual Abaroa etorbidea,48280,Lekeitio,Bizkaia,43.36534,-2.503423,node/11645057374,https://www.openstreetmap.org/node/11645057374,,OpenStreetMap shop=tobacco · extracto Geofabrik spain-latest (24-sep-2026)
jti-xtanco-030,Estanco Sancho,Calle Pablo Casals 17,09007,Burgos,Burgos,42.353718,-3.664677,node/6775395956,https://www.openstreetmap.org/node/6775395956,"Mo-Fr 09:00-14:00,17:00-20:00; Sa 09:00-14:00",OpenStreetMap shop=tobacco · extracto Geofabrik spain-latest (24-sep-2026)
jti-xtanco-031,Cava de Puros Eduardo,Calle del Marqués de la Hermida 64,39009,Santander,Cantabria,43.452977,-3.822915,node/2592647612,https://www.openstreetmap.org/node/2592647612,"Mo-Fr 10:00-14:00,17:00-20:00; Sa 10:00-14:00",OpenStreetMap shop=tobacco · extracto Geofabrik spain-latest (24-sep-2026)
jti-xtanco-032,Estanco Castellón Nº 6,Avinguda de la Mare de Déu del Lledó 2,12003,Castellón de la Plana,Castellón,39.989009,-0.033917,node/1967679740,https://www.openstreetmap.org/node/1967679740,,OpenStreetMap shop=tobacco · extracto Geofabrik spain-latest (24-sep-2026)
jti-xtanco-033,Expendeduría número 5,Calle Francisco García Pavón 116,13700,Tomelloso,Ciudad Real,39.154764,-3.029553,node/5344507491,https://www.openstreetmap.org/node/5344507491,,OpenStreetMap shop=tobacco · extracto Geofabrik spain-latest (24-sep-2026)
jti-xtanco-034,Estanco Tabacalera - Encabo Martín Paula,Plaza de España 1,10460,Losar de la Vera,Cáceres,40.121073,-5.603709,node/10709221471,https://www.openstreetmap.org/node/10709221471,,OpenStreetMap shop=tobacco · extracto Geofabrik spain-latest (24-sep-2026)
jti-xtanco-035,Estanco Avda de Huelva,Avenida de Huelva 92,11540,Sanlúcar de Barrameda,Cádiz,36.792773,-6.336905,node/14137024601,https://www.openstreetmap.org/node/14137024601,"Mo-Fr 08:30-14:00, 18:00-21:00; Sa 08:30-14:00; Su 10:00-14:00",OpenStreetMap shop=tobacco · extracto Geofabrik spain-latest (24-sep-2026)
jti-xtanco-036,TABACOS,Plaza de San Francisco 1,11004,Cádiz,Cádiz,36.534344,-6.295924,node/7993343421,https://www.openstreetmap.org/node/7993343421,,OpenStreetMap shop=tobacco · extracto Geofabrik spain-latest (24-sep-2026)
jti-xtanco-037,Estanco San Bernardo,Avenida Menéndez Pelayo 43,11300,La Línea de la Concepción,Cádiz,36.166581,-5.342433,node/12880547936,https://www.openstreetmap.org/node/12880547936,,OpenStreetMap shop=tobacco · extracto Geofabrik spain-latest (24-sep-2026)
jti-xtanco-038,Espejo Blancas,"Espejo Blancas, 14006 1",14006,Córdoba,Córdoba,37.898221,-4.779174,node/9792283013,https://www.openstreetmap.org/node/9792283013,"Mo-Fr 08:00-21:00; Sa, Su 09:00-14:00",OpenStreetMap shop=tobacco · extracto Geofabrik spain-latest (24-sep-2026)
jti-xtanco-039,Estanco La Habana,Calle Mercado 4,14270,Hinojosa del Duque,Córdoba,38.499908,-5.144703,node/12964554739,https://www.openstreetmap.org/node/12964554739,,OpenStreetMap shop=tobacco · extracto Geofabrik spain-latest (24-sep-2026)
jti-xtanco-040,Exp. N. 3,Isasi kalea 20,20600,Eibar,Gipuzkoa,43.183819,-2.474994,node/11219403044,https://www.openstreetmap.org/node/11219403044,,OpenStreetMap shop=tobacco · extracto Geofabrik spain-latest (24-sep-2026)
jti-xtanco-041,Pagola Estanco,Txirrita kalea 10,20120,Hernani,Gipuzkoa,43.267452,-1.975892,node/1506183566,https://www.openstreetmap.org/node/1506183566,,OpenStreetMap shop=tobacco · extracto Geofabrik spain-latest (24-sep-2026)
jti-xtanco-042,Estanc Santa Eugènia,Carrer de Santa Eugènia 169,17006,Girona,Girona,41.976752,2.803492,node/4737138222,https://www.openstreetmap.org/node/4737138222,,OpenStreetMap shop=tobacco · extracto Geofabrik spain-latest (24-sep-2026)
jti-xtanco-043,Tabacs,GI-522 Carretera d'Olot a Castellfollit 45,17857,Sant Joan les Fonts,Girona,42.212354,2.512097,node/14142770193,https://www.openstreetmap.org/node/14142770193,"Mo-Fr 09:00-13:30,17:00-20:30",OpenStreetMap shop=tobacco · extracto Geofabrik spain-latest (24-sep-2026)
jti-xtanco-044,El Estanco de Ramiro,Calle Granada,18220,Albolote,Granada,37.229284,-3.655349,node/5983896392,https://www.openstreetmap.org/node/5983896392,,OpenStreetMap shop=tobacco · extracto Geofabrik spain-latest (24-sep-2026)
jti-xtanco-045,Estanco Sebastián Pinteño,Avenida de Don Nicasio Tomás,18840,Galera,Granada,37.743804,-2.551325,node/4903705500,https://www.openstreetmap.org/node/4903705500,,OpenStreetMap shop=tobacco · extracto Geofabrik spain-latest (24-sep-2026)
jti-xtanco-046,Estanco Los Milagros,Barriada de los Milagros,21810,Palos de la Frontera,Huelva,37.221701,-6.890555,node/6919853005,https://www.openstreetmap.org/node/6919853005,,OpenStreetMap shop=tobacco · extracto Geofabrik spain-latest (24-sep-2026)
jti-xtanco-047,Tabacos,Avinguda de Bartomeu Riutort,07610,Can Pastilla,Illes Balears,39.535138,2.720388,node/5022178430,https://www.openstreetmap.org/node/5022178430,,OpenStreetMap shop=tobacco · extracto Geofabrik spain-latest (24-sep-2026)
jti-xtanco-048,Estanco,Carrer de Sa Rovellada de Dalt 27,07701,Maó,Illes Balears,39.888171,4.260804,node/4294513867,https://www.openstreetmap.org/node/4294513867,,OpenStreetMap shop=tobacco · extracto Geofabrik spain-latest (24-sep-2026)
jti-xtanco-049,Tabacos Sta. Gertrudis,Passeig de Santa Gertrudis 1,07814,Santa Gertrudis de Fruitera,Illes Balears,38.997901,1.428233,node/11463578557,https://www.openstreetmap.org/node/11463578557,,OpenStreetMap shop=tobacco · extracto Geofabrik spain-latest (24-sep-2026)
jti-xtanco-050,Tabaco Cava de Puros,Avenida de Andalucía 20,23006,Jaén,Jaén,37.777518,-3.794142,node/2283255102,https://www.openstreetmap.org/node/2283255102,,OpenStreetMap shop=tobacco · extracto Geofabrik spain-latest (24-sep-2026)
jti-xtanco-051,Estanco,Avenida Autonomía de La Rioja 6,26004,Logroño,La Rioja,42.462834,-2.432469,node/3095792005,https://www.openstreetmap.org/node/3095792005,,OpenStreetMap shop=tobacco · extracto Geofabrik spain-latest (24-sep-2026)
jti-xtanco-052,Estanco n.º 3,Glorieta de Carlos Pinilla 3,24010,León,León,42.602108,-5.588989,node/6651063869,https://www.openstreetmap.org/node/6651063869,"Mo-Fr 08:30-15:00,16:30-21:30; Sa 09:00-15:00",OpenStreetMap shop=tobacco · extracto Geofabrik spain-latest (24-sep-2026)
jti-xtanco-053,l'Estanc de la Rambla,Carrer de la Doctora Castells 7,25001,Lleida,Lleida,41.611377,0.631068,node/1587148973,https://www.openstreetmap.org/node/1587148973,,OpenStreetMap shop=tobacco · extracto Geofabrik spain-latest (24-sep-2026)
jti-xtanco-054,Estanco Número 2,Ronda Xosé Castiñeira 28,27002,Lugo,Lugo,42.998926,-7.548915,node/846439986,https://www.openstreetmap.org/node/846439986,"Mo-Fr 09:00-14:00, 16:30-20:00; Sa 10:00-13:30",OpenStreetMap shop=tobacco · extracto Geofabrik spain-latest (24-sep-2026)
jti-xtanco-055,Tabacos,Calle de Juan José Martínez Seco 76,28021,Madrid,Madrid,40.352206,-3.68505,node/13926902986,https://www.openstreetmap.org/node/13926902986,,OpenStreetMap shop=tobacco · extracto Geofabrik spain-latest (24-sep-2026)
jti-xtanco-056,Estanco,Avenida Lope de Figueroa 31,28804,Alcalá de Henares,Madrid,40.486117,-3.351487,node/3858673017,https://www.openstreetmap.org/node/3858673017,Mo-Sa 09:30-14:00; Mo-Fr 17:00-20:00,OpenStreetMap shop=tobacco · extracto Geofabrik spain-latest (24-sep-2026)
jti-xtanco-057,Expendeduría nº 001,Plaza Mayor 24,28380,Colmenar de Oreja,Madrid,40.107213,-3.387629,node/5046068709,https://www.openstreetmap.org/node/5046068709,,OpenStreetMap shop=tobacco · extracto Geofabrik spain-latest (24-sep-2026)
jti-xtanco-058,Estanco nº 2,Avenida de España 48,28710,El Molar,Madrid,40.734523,-3.582715,node/13111097790,https://www.openstreetmap.org/node/13111097790,,OpenStreetMap shop=tobacco · extracto Geofabrik spain-latest (24-sep-2026)
jti-xtanco-059,"Estanco en Ps Alemanes, 3",Paseo de los Alemanes 3,28290,Las Rozas de Madrid,Madrid,40.552686,-3.89599,node/8883054735,https://www.openstreetmap.org/node/8883054735,Mo-Fr 09:00-20:00; Sa 09:00-13:00,OpenStreetMap shop=tobacco · extracto Geofabrik spain-latest (24-sep-2026)
jti-xtanco-060,Estanco,Calle Juan Martín 6,28742,Lozoya,Madrid,40.951312,-3.792135,node/8879590991,https://www.openstreetmap.org/node/8879590991,,OpenStreetMap shop=tobacco · extracto Geofabrik spain-latest (24-sep-2026)
jti-xtanco-061,Exp. nº 161,Calle del Pez 40,28004,Madrid,Madrid,40.424363,-3.707012,node/2632609525,https://www.openstreetmap.org/node/2632609525,,OpenStreetMap shop=tobacco · extracto Geofabrik spain-latest (24-sep-2026)
jti-xtanco-062,Estanco - Exp. nº 210,Calle de las Alpujarras 2,28032,Madrid,Madrid,40.396763,-3.622511,node/2807147665,https://www.openstreetmap.org/node/2807147665,,OpenStreetMap shop=tobacco · extracto Geofabrik spain-latest (24-sep-2026)
jti-xtanco-063,Expendeduría n. 648,Calle de Escalona 12,28024,Madrid,Madrid,40.397475,-3.761624,node/9822052480,https://www.openstreetmap.org/node/9822052480,"Mo-Fr 09:30-14:00,17:30-21:00",OpenStreetMap shop=tobacco · extracto Geofabrik spain-latest (24-sep-2026)
jti-xtanco-064,Estanco 840,Calle de la Condesa de Venadito 16,28027,Madrid,Madrid,40.444344,-3.653611,node/8449175614,https://www.openstreetmap.org/node/8449175614,,OpenStreetMap shop=tobacco · extracto Geofabrik spain-latest (24-sep-2026)
jti-xtanco-065,Exp. nº 865,Calle del Conde de Serrallo 6,28020,Madrid,Madrid,40.466605,-3.691448,node/3770605560,https://www.openstreetmap.org/node/3770605560,,OpenStreetMap shop=tobacco · extracto Geofabrik spain-latest (24-sep-2026)
jti-xtanco-066,Expenduría 293,Calle de Carlos Martín Álvarez 81,28018,Madrid,Madrid,40.38567,-3.666476,node/10137954472,https://www.openstreetmap.org/node/10137954472,,OpenStreetMap shop=tobacco · extracto Geofabrik spain-latest (24-sep-2026)
jti-xtanco-067,Exp. nº 127,Calle del Camino de los Vinateros 99,28030,Madrid,Madrid,40.409334,-3.648356,node/6582123719,https://www.openstreetmap.org/node/6582123719,,OpenStreetMap shop=tobacco · extracto Geofabrik spain-latest (24-sep-2026)
jti-xtanco-068,Estanco,Glorieta Marqués de Vadillo 5,28019,Madrid,Madrid,40.397238,-3.716306,node/3997458278,https://www.openstreetmap.org/node/3997458278,,OpenStreetMap shop=tobacco · extracto Geofabrik spain-latest (24-sep-2026)
jti-xtanco-069,Cava de Puros Tabacos,Calle de Hernani 17,28020,Madrid,Madrid,40.448374,-3.702108,node/11203246343,https://www.openstreetmap.org/node/11203246343,"Mo-Fr 09:00-14:30,17:00-21:00; Sa 10:00-14:00",OpenStreetMap shop=tobacco · extracto Geofabrik spain-latest (24-sep-2026)
jti-xtanco-070,Tabacos,Plaza de la Constitución 11,28411,Moralzarzal,Madrid,40.679328,-3.972188,node/14020768472,https://www.openstreetmap.org/node/14020768472,,OpenStreetMap shop=tobacco · extracto Geofabrik spain-latest (24-sep-2026)
jti-xtanco-071,Estanco Jesús del Kiosko,Avenida de Murcia 27,30180,Bullas,Murcia,38.050221,-1.668757,node/10737239904,https://www.openstreetmap.org/node/10737239904,,OpenStreetMap shop=tobacco · extracto Geofabrik spain-latest (24-sep-2026)
jti-xtanco-072,Estanco,Calle Pintor Almela Costa 12,30011,Murcia,Murcia,37.975266,-1.120453,node/5284467895,https://www.openstreetmap.org/node/5284467895,Mo-Sa 09:00-21:00,OpenStreetMap shop=tobacco · extracto Geofabrik spain-latest (24-sep-2026)
jti-xtanco-073,Estanco Marqués de los Vélez,Avenida Marqués de los Vélez 4,30008,Murcia,Murcia,37.992492,-1.128407,node/11491182123,https://www.openstreetmap.org/node/11491182123,,OpenStreetMap shop=tobacco · extracto Geofabrik spain-latest (24-sep-2026)
jti-xtanco-074,Estanco La Paz,Avenida de Velázquez 61,29004,Málaga,Málaga,36.695713,-4.450539,node/12390142209,https://www.openstreetmap.org/node/12390142209,24/7,OpenStreetMap shop=tobacco · extracto Geofabrik spain-latest (24-sep-2026)
jti-xtanco-075,Boquerón de Oro,Calle Lagunillas 66,29012,Málaga,Málaga,36.726344,-4.415009,node/5186363523,https://www.openstreetmap.org/node/5186363523,,OpenStreetMap shop=tobacco · extracto Geofabrik spain-latest (24-sep-2026)
jti-xtanco-076,Estanco nº 1,Plaza de la Constitución,11340,San Martín del Tesorillo,Málaga,36.341839,-5.320145,node/12470276708,https://www.openstreetmap.org/node/12470276708,,OpenStreetMap shop=tobacco · extracto Geofabrik spain-latest (24-sep-2026)
jti-xtanco-077,Estanco Cerezo,Avenida de Andalucía 15,29793,Torrox-Costa,Málaga,36.730051,-3.960552,node/11377436548,https://www.openstreetmap.org/node/11377436548,Mo-Fr 08:30-21:00; Sa 09:00-21:00; Su 09:00-14:00,OpenStreetMap shop=tobacco · extracto Geofabrik spain-latest (24-sep-2026)
jti-xtanco-078,Estanco N° 12,Calle Benjamín de Tudela 26 trasera,31008,Pamplona/Iruña,Navarra,42.808907,-1.673637,node/11473506669,https://www.openstreetmap.org/node/11473506669,"Mo-Fr 09:00-13:30, 17:00-19:30; Sa 09:30-13:30",OpenStreetMap shop=tobacco · extracto Geofabrik spain-latest (24-sep-2026)
jti-xtanco-079,Estanco Casa Rafael,Avenida de Ourense,32760,O Castro de Caldelas,Ourense,42.374579,-7.416163,node/4728201277,https://www.openstreetmap.org/node/4728201277,,OpenStreetMap shop=tobacco · extracto Geofabrik spain-latest (24-sep-2026)
jti-xtanco-080,Estanco,Rúa Manuel de Castro 1,36210,Vigo,Pontevedra,42.214393,-8.741515,node/4947159493,https://www.openstreetmap.org/node/4947159493,,OpenStreetMap shop=tobacco · extracto Geofabrik spain-latest (24-sep-2026)
jti-xtanco-081,Estanco Lasiete,Avenida Cambados 9,36600,Vilagarcía de Arousa,Pontevedra,42.589019,-8.772179,node/12430347827,https://www.openstreetmap.org/node/12430347827,,OpenStreetMap shop=tobacco · extracto Geofabrik spain-latest (24-sep-2026)
jti-xtanco-082,Estanco 6,Calle Rúa Mayor 12,37002,Salamanca,Salamanca,40.963697,-5.664923,node/2730739195,https://www.openstreetmap.org/node/2730739195,"Mo-Su 09:00-14:30,16:00-21:00",OpenStreetMap shop=tobacco · extracto Geofabrik spain-latest (24-sep-2026)
jti-xtanco-083,Estanco Expenduría N°1,Real 13,41220,Burguillos,Sevilla,37.584648,-5.967954,node/11992667365,https://www.openstreetmap.org/node/11992667365,,OpenStreetMap shop=tobacco · extracto Geofabrik spain-latest (24-sep-2026)
jti-xtanco-084,Estanco,Calle Nuestra Señora de Valme,41701,Dos Hermanas,Sevilla,37.28407,-5.92221,node/4068293528,https://www.openstreetmap.org/node/4068293528,,OpenStreetMap shop=tobacco · extracto Geofabrik spain-latest (24-sep-2026)
jti-xtanco-085,La Cava de Betis,Calle Betis 39,41010,Sevilla,Sevilla,37.383273,-5.99981,node/5845851209,https://www.openstreetmap.org/node/5845851209,,OpenStreetMap shop=tobacco · extracto Geofabrik spain-latest (24-sep-2026)
jti-xtanco-086,Tabacos,Calle Asencio y Toledo 28,41014,Sevilla,Sevilla,37.32488,-5.967533,node/12967212486,https://www.openstreetmap.org/node/12967212486,,OpenStreetMap shop=tobacco · extracto Geofabrik spain-latest (24-sep-2026)
jti-xtanco-087,Estanco,Carrer Pere Martell 14,43005,Tarragona,Tarragona,41.116641,1.244515,node/988124781,https://www.openstreetmap.org/node/988124781,,OpenStreetMap shop=tobacco · extracto Geofabrik spain-latest (24-sep-2026)
jti-xtanco-088,Estanc la Sénia,Carrer de Jaume I 5,43560,la Sénia,Tarragona,40.635035,0.279883,node/13936803125,https://www.openstreetmap.org/node/13936803125,,OpenStreetMap shop=tobacco · extracto Geofabrik spain-latest (24-sep-2026)
jti-xtanco-089,Estanco,Calle Real 92,45200,Illescas,Toledo,40.126245,-3.847643,node/1486122094,https://www.openstreetmap.org/node/1486122094,,OpenStreetMap shop=tobacco · extracto Geofabrik spain-latest (24-sep-2026)
jti-xtanco-090,Estanco nº10,Calle Cardenal Tavera 10,45003,Toledo,Toledo,39.865191,-4.023654,node/2630142519,https://www.openstreetmap.org/node/2630142519,,OpenStreetMap shop=tobacco · extracto Geofabrik spain-latest (24-sep-2026)
jti-xtanco-091,Estanco patacona,Avinguda Mare Nostrum 1,46120,Alboraia / Alboraya,Valencia,39.485015,-0.326505,node/2700020670,https://www.openstreetmap.org/node/2700020670,,OpenStreetMap shop=tobacco · extracto Geofabrik spain-latest (24-sep-2026)
jti-xtanco-092,Estanco Nº 1,Carrer Arquebisbe Fabià Fuero 24,46110,Godella,Valencia,39.521253,-0.414501,node/13896137853,https://www.openstreetmap.org/node/13896137853,,OpenStreetMap shop=tobacco · extracto Geofabrik spain-latest (24-sep-2026)
jti-xtanco-093,Tabacos Exp. N2,Carrer de la Preciosíssima Sang 21,46210,Picanya,Valencia,39.43384,-0.435039,node/11748341002,https://www.openstreetmap.org/node/11748341002,,OpenStreetMap shop=tobacco · extracto Geofabrik spain-latest (24-sep-2026)
jti-xtanco-094,Tabacs EXP. NÚM 7,Gran Via de les Germanies 84,46760,Tavernes de la Valldigna,Valencia,39.073802,-0.261871,node/13754856389,https://www.openstreetmap.org/node/13754856389,"Mo-Sa 08:00-14:00,17:00-20:30",OpenStreetMap shop=tobacco · extracto Geofabrik spain-latest (24-sep-2026)
jti-xtanco-095,Estanco Santa Catalina,Plaça de Santa Catalina 9,46001,València,Valencia,39.473968,-0.376157,node/850179222,https://www.openstreetmap.org/node/850179222,,OpenStreetMap shop=tobacco · extracto Geofabrik spain-latest (24-sep-2026)
jti-xtanco-096,Estanc Ruiz,Carrer dels Maulets 6,46800,Xàtiva,Valencia,38.991514,-0.518613,node/13620604572,https://www.openstreetmap.org/node/13620604572,,OpenStreetMap shop=tobacco · extracto Geofabrik spain-latest (24-sep-2026)
jti-xtanco-097,Estanco Mini Market,Paseo de Zorrilla 158,47006,Valladolid,Valladolid,41.633512,-4.740248,node/9241068550,https://www.openstreetmap.org/node/9241068550,24/7,OpenStreetMap shop=tobacco · extracto Geofabrik spain-latest (24-sep-2026)
jti-xtanco-098,Estanco 103,Paseo de Fernando el Católico 56,50006,Zaragoza,Zaragoza,41.639262,-0.896786,node/4985405613,https://www.openstreetmap.org/node/4985405613,,OpenStreetMap shop=tobacco · extracto Geofabrik spain-latest (24-sep-2026)
jti-xtanco-099,Expendeduría Ateca 3,Avenida Goya 2,50200,Ateca,Zaragoza,41.330321,-1.791531,node/13428366339,https://www.openstreetmap.org/node/13428366339,"Mo-Fr 09:00-13:25, 17:00-20:00;Sa 09:00-13:25",OpenStreetMap shop=tobacco · extracto Geofabrik spain-latest (24-sep-2026)
jti-xtanco-100,Tabacos Lakua,Donostia kalea 64,01010,Vitoria,Álava,42.866247,-2.691393,node/7154667096,https://www.openstreetmap.org/node/7154667096,,OpenStreetMap shop=tobacco · extracto Geofabrik spain-latest (24-sep-2026)
